Fecha,Tasa
2018-01-11,4030
2018-01-12,19309
2018-01-15,34687
2018-01-16,38605
2018-01-17,47605
2018-01-18,85365
2018-01-19,87305
2018-01-22,88538
2018-01-23,103996
2018-01-24,99346
2018-01-25,66865
2018-01-26,63191
2018-01-29,66088
2018-01-30,58647
2018-01-31,69259
2018-02-01,64112
2018-02-02,55079
2018-02-05,42463
2018-02-06,45711
2018-02-07,38816
2018-02-08,45094
2018-02-09,42182
2018-02-14,74344
2018-02-15,80285
2018-02-16,103812
2018-02-19,111747
2018-02-20,124857
2018-02-21,116622
2018-02-22,138393
2018-02-23,158469
2018-02-26,165169
2018-02-27,173969
2018-02-28,154565
2018-03-01,130207
2018-03-02,106434
2018-03-05,122849
2018-03-06,133874
2018-03-07,117150
2018-03-08,113806
2018-03-09,104307
2018-03-12,81258
2018-03-13,54933
2018-03-14,65019
2018-03-15,111322
2018-03-16,134270
2018-03-19,138796
2018-03-20,151811
2018-03-21,188987
2018-03-22,170350
2018-03-23,158998
2018-03-26,159990
2018-03-27,158129
2018-03-28,142524
2018-04-03,73291
2018-04-04,65858
2018-04-05,90349
2018-04-06,106469
2018-04-09,121214
2018-04-10,122928
2018-04-11,109502
2018-04-12,104208
2018-04-13,114084
2018-04-16,136607
2018-04-17,126830
2018-04-18,126863
2018-04-19,151397
2018-04-20,166430
2018-04-23,163463
2018-04-24,174008
2018-04-25,158509
2018-04-26,129589
2018-04-27,116319
2018-05-02,54447
2018-05-03,50653
2018-05-04,47238
2018-05-07,52269
2018-05-08,59316
2018-05-09,55540
2018-05-10,44524
2018-05-11,20178
2018-05-14,15147
2018-05-15,8100
2018-05-16,260
2018-05-17,1710
2018-05-18,16016
2018-05-21,30144
2018-05-22,47301
2018-05-23,61389
2018-05-24,66988
2018-05-28,50649
2018-05-29,33492
2018-05-30,19354
2018-05-31,12310
2018-06-01,12310
2018-06-04,220
2018-06-05,220
2018-06-06,20
2018-06-07,20
2018-06-08,20
2018-06-11,19
2018-06-12,19
2018-06-13,19
2018-06-14,19
2018-06-15,29
2018-06-18,25
2018-06-19,1325
2018-06-21,5060
2018-06-22,20927
2018-06-25,24094
2018-06-26,26615
2018-06-27,27615
2018-06-28,27765
2018-06-29,11898
2018-07-02,8731
2018-07-03,4910
2018-07-04,3910
2018-07-05,10
2018-07-06,30222
2018-07-10,40292
2018-07-11,55398
2018-07-12,70504
2018-07-13,55388
2018-07-16,70494
2018-07-17,70494
2018-07-18,70994
2018-07-19,119598
2018-07-20,129408
2018-07-23,129418
2018-07-24,153860
2018-07-25,170971
2018-07-26,139223
2018-07-27,152319
2018-07-30,162780
2018-07-31,150241
2018-08-01,132630
2018-08-02,115774
2018-08-03,92868
2018-08-06,82397
2018-08-07,78551
2018-08-08,80575
2018-08-09,82599
2018-08-10,84623
2018-08-13,86684
2018-08-14,97032
2018-08-15,199413
2018-08-16,243191
2018-08-17,301283
2018-08-21,302465
2018-08-22,288055
2018-08-23,291604
2018-08-24,309615
2018-08-27,341771
2018-08-28,331976
2018-08-29,289434
2018-08-30,296243
2018-08-31,304049
2018-09-03,294968
2018-09-04,281658
2018-09-05,257633
2018-09-06,241943
2018-09-07,211284
2018-09-10,223650
2018-09-11,231744
2018-09-12,242278
2018-09-13,243727
2018-09-14,219120
2018-09-17,257901
2018-09-18,263751
2018-09-19,338193
2018-09-20,394290
2018-09-21,464465
2018-09-24,459852
2018-09-25,433143
2018-09-26,432973
2018-09-27,425879
2018-09-28,432851
2018-10-01,434303
2018-10-02,476163
2018-10-03,462343
2018-10-04,454023
2018-10-05,435935
2018-10-08,447870
2018-10-09,455163
2018-10-10,453418
2018-10-11,454552
2018-10-12,453024
2018-10-16,442040
2018-10-17,519319
2018-10-18,572849
2018-10-19,605190
2018-10-22,617600
2018-10-23,596410
2018-10-24,570493
2018-10-25,574006
2018-10-26,563404
2018-10-29,590364
2018-10-30,588876
2018-10-31,584232
2018-11-01,602090
2018-11-02,616428
2018-11-05,673128
2018-11-07,576352
2018-11-08,579218
2018-11-09,579112
2018-11-12,595023
2018-11-13,668443
2018-11-14,676030
2018-11-15,682964
2018-11-16,675955
2018-11-20,657299
2018-11-21,681813
2018-11-22,652810
2018-11-23,604111
2018-11-26,606424
2018-11-27,653174
2018-11-28,675291
2018-11-29,718711
2018-12-03,744098
2018-12-04,773152
2018-12-05,810117
2018-12-06,798717
2018-12-07,769309
2018-12-10,730741
2018-12-11,708280
2018-12-12,687536
2018-12-13,659633
2018-12-14,625011
2018-12-17,623863
2018-12-18,645344
2018-12-19,696449
2018-12-20,707188
2018-12-21,700325
2018-12-26,699566
2018-12-27,712919
2018-12-28,722449
2019-01-02,761398
2019-01-03,794500
2019-01-04,804507
2019-01-07,821745
2019-01-08,815999
2019-01-09,840866
2019-01-10,840827
2019-01-11,851417
2019-01-14,830270
2019-01-15,830716
2019-01-16,839510
2019-01-17,836004
2019-01-18,857975
2019-01-21,856186
2019-01-22,842840
2019-01-23,834470
2019-01-24,828443
2019-01-25,815096
2019-01-28,784789
2019-01-29,736505
2019-01-30,740778
2019-01-31,743977
2019-02-01,765000
2019-02-04,805000
2019-02-05,840000
2019-02-06,855000
2019-02-07,890000
2019-02-08,905000
2019-02-11,915000
2019-02-12,920000
2019-02-13,945000
2019-02-14,945000
2019-02-15,945000
2019-02-18,945000
2019-02-19,935000
2019-02-20,947661
2019-02-21,951536
2019-02-22,933230
2019-02-25,903230
2019-02-26,883230
2019-02-27,855569
2019-02-28,825038
2019-03-01,858344
2019-03-06,898871
2019-03-07,962045
2019-03-08,983237
2019-03-11,1015620
2019-03-12,1015620
2019-03-13,1016132
2019-03-14,995178
2019-03-15,993849
2019-03-18,998451
2019-03-19,1007582
2019-03-20,1016665
2019-03-21,1001957
2019-03-22,1007122
2019-03-25,1000069
2019-03-26,981788
2019-03-27,973112
2019-03-28,971662
2019-03-29,927638
2019-04-01,947296
2019-04-03,958374
2019-04-04,966952
2019-04-05,998988
2019-04-08,1030749
2019-04-09,1032516
2019-04-10,1030274
2019-04-11,1026234
2019-04-12,1011645
2019-04-15,1012017
2019-04-16,1024039
2019-04-17,1079988
2019-04-22,1071835
2019-04-23,1054000
2019-04-24,1028264
2019-04-25,994873
2019-04-26,935873
2019-04-29,945141
2019-04-30,942814
2019-05-02,962536
2019-05-03,970169
2019-05-06,990798
2019-05-07,998902
2019-05-08,1040965
2019-05-09,1065847
2019-05-10,1091899
2019-05-13,1070395
2019-05-14,1052354
2019-05-15,1035247
2019-05-16,1037932
2019-05-17,1042763
2019-05-20,1055828
2019-05-21,1079580
2019-05-22,1068238
2019-05-23,1054894
2019-05-24,1062542
2019-05-27,1047944
2019-05-28,1035509
2019-05-29,1029241
2019-05-30,991349
2019-05-31,982203
2019-06-03,1018718
2019-06-04,1033938
2019-06-05,1078350
2019-06-06,1135515
2019-06-07,1140577
2019-06-10,1139902
2019-06-11,1138401
2019-06-12,1115801
2019-06-13,1124999
2019-06-14,1139425
2019-06-18,1119473
2019-06-19,1115001
2019-06-21,1140820
2019-06-24,1142999
2019-06-25,1128232
2019-06-26,1096273
2019-06-27,1097454
2019-06-28,1105776
2019-07-01,1128317
2019-07-02,1163508
2019-07-03,1234207
2019-07-04,1226119
2019-07-05,1226026
2019-07-10,1238739
2019-07-11,1230775
2019-07-12,1241148
2019-07-15,1216731
2019-07-16,1203531
2019-07-17,1187216
2019-07-18,1168639
2019-07-19,1153514
2019-07-22,1199614
2019-07-23,1185103
2019-07-24,1184978
2019-07-25,1168904
2019-07-26,1190732
2019-07-29,1237663
2019-07-30,1288966
2019-07-31,1278657
2019-08-01,1305254
2019-08-02,1294491
2019-08-05,1272156
2019-08-06,1274375
2019-08-07,1272101
2019-08-08,1275932
2019-08-09,1288868
2019-08-12,1131598
2019-08-13,1145468
2019-08-14,1174928
2019-08-15,1211560
2019-08-16,1280223
2019-08-20,1325357
2019-08-21,1294576
2019-08-22,1290134
2019-08-23,1286080
2019-08-26,1271228
2019-08-27,1316469
2019-08-28,1261393
2019-08-29,1154324
2019-08-30,1038678
2019-09-02,963486
2019-09-03,1005503
2019-09-04,1032573
2019-09-05,1070310
2019-09-06,1109555
2019-09-09,1108632
2019-09-10,1111780
2019-09-11,1107682
2019-09-12,1125341
2019-09-13,1150577
2019-09-16,1150796
2019-09-17,1110690
2019-09-18,1126960
2019-09-19,1126794
2019-09-20,1105079
2019-09-23,1110916
2019-09-24,1126253
2019-09-25,1115640
2019-09-26,1111688
2019-09-27,1127732
2019-09-30,1084839
2019-10-01,1136600
2019-10-02,1154240
2019-10-03,1171982
2019-10-04,1172779
2019-10-07,1165306
2019-10-08,1159387
2019-10-09,1124072
2019-10-10,1138454
2019-10-11,1126154
2019-10-15,1135609
2019-10-16,1118098
2019-10-17,1102208
2019-10-18,1088762
2019-10-21,1033403
2019-10-22,974675
2019-10-23,919732
2019-10-24,880405
2019-10-25,778978
2019-10-28,794719
2019-10-29,795860
2019-10-30,754901
2019-10-31,796760
2019-11-01,831833
2019-11-04,863362
2019-11-05,905810
2019-11-07,906566
2019-11-08,865050
2019-11-11,838384
2019-11-12,817284
2019-11-13,805410
2019-11-14,797868
2019-11-15,797440
2019-11-19,798387
2019-11-20,785558
2019-11-21,773419
2019-11-22,773457
2019-11-25,739802
2019-11-26,768307
2019-11-27,741815
2019-11-28,721203
2019-11-29,729693
2019-12-02,790900
2019-12-03,813806
2019-12-04,849076
2019-12-05,821952
2019-12-06,761850
2019-12-09,701610
2019-12-10,679345
2019-12-11,681511
2019-12-12,682859
2019-12-13,683881
2019-12-16,685371
2019-12-17,687984
2019-12-18,690803
2019-12-19,693182
2019-12-20,750230
2019-12-23,752413
2019-12-26,755399
2019-12-27,758453
2019-12-30,760185
2020-01-02,761689
2020-01-03,763029
2020-01-06,764862
2020-01-07,766838
2020-01-08,768203
2020-01-09,769723
2020-01-10,771003
2020-01-13,772755
2020-01-14,774643
2020-01-15,775947
2020-01-16,777399
2020-01-17,778643
2020-01-20,780344
2020-01-21,1289165
2020-01-22,1157081
2020-01-23,1571873
2020-01-24,1440958
2020-01-27,1261870
2020-01-28,1413907
2020-01-29,1413907
2020-01-30,1472838
2020-01-31,1472838
2020-02-03,1472838
2020-02-04,1403625
2020-02-05,1403625
2020-02-06,1341272
2020-02-07,1341272
2020-02-10,1341272
2020-02-11,1320868
2020-02-12,1320868
2020-02-13,1317678
2020-02-14,1317678
2020-02-17,1317678
2020-02-18,1345641
2020-02-19,1345641
2020-02-20,1434840
2020-02-21,1434840
2020-02-26,1506462
2020-02-27,1589614
2020-02-28,1589614
2020-03-02,1589614
2020-03-03,1697205
2020-03-04,1697205
2020-03-05,1705519
2020-03-06,1705519
2020-03-09,1705519
2020-03-10,1649080
2020-03-11,1649080
2020-03-12,1592270
2020-03-13,1592270
2020-03-16,1592270
2020-03-17,1532270
2020-03-18,1532270
2020-03-19,1449513
2020-03-20,1449513
2020-03-25,1316463
2020-03-26,1269463
2020-03-27,1269463
2020-03-30,1269463
2020-04-01,1169463
2020-04-02,1169463
2020-04-03,1137350
2020-04-06,1137350
2020-04-07,1129193
2020-04-08,1119193
2020-04-13,1119193
2020-04-14,1299193
2020-04-15,1299193
2020-04-16,1316473
2020-04-17,1316473
2020-04-20,1316473
2020-04-21,1318477
2020-04-22,1318477
2020-04-23,1317367
2020-04-24,1317367
2020-04-27,1317367
2020-04-28,1286339
2020-04-29,1286339
2020-04-30,1187699
2020-05-04,1187699
2020-05-05,1220559
2020-05-06,1220559
2020-05-07,1219042
2020-05-08,1219042
2020-05-11,1219042
2020-05-12,1199697
2020-05-13,1199697
2020-05-14,1202557
2020-05-15,1202557
2020-05-18,1202557
2020-05-19,1337776
2020-05-20,1337776
2020-05-21,1337886
2020-05-22,1337886
2020-05-26,1337914
2020-05-27,1337914
2020-05-28,1338553
2020-05-29,1338553
2020-06-01,1338553
2020-06-02,1641295
2020-06-03,1641295
2020-06-04,1653435
2020-06-05,1653435
2020-06-08,1653435
2020-06-09,1671076
2020-06-10,1671076
2020-06-11,1673488
2020-06-12,1673488
2020-06-16,1667323
2020-06-17,1667323
2020-06-18,1682302
2020-06-19,1682302
2020-06-22,1682302
2020-06-23,1683302
2020-06-24,1683302
2020-06-25,1683302
2020-06-26,1683302
2020-06-29,1683302
2020-06-30,1683700
2020-07-01,1683700
2020-07-02,1708078
2020-07-03,1708078
2020-07-06,1708078
2020-07-07,1728741
2020-07-08,1709442
2020-07-13,1709442
2020-07-14,1717054
2020-07-15,1717054
2020-07-16,1717075
2020-07-17,1717075
2020-07-20,1717075
2020-07-21,1703191
2020-07-22,1703191
2020-07-23,1721191
2020-07-24,1721191
2020-07-27,1721191
2020-07-28,1686763
2020-07-29,1686763
2020-07-30,1672799
2020-07-31,1672799
2020-08-03,1672799
2020-08-04,1751014
2020-08-05,1751014
2020-08-06,1813427
2020-08-07,1813427
2020-08-10,1813427
2020-08-11,1848474
2020-08-12,1848474
2020-08-13,1877087
2020-08-14,1877087
2020-08-18,1857350
2020-08-19,1857350
2020-08-20,1874940
2020-08-21,1874940
2020-08-24,1874940
2020-08-25,1838514
2020-08-26,1838514
2020-08-27,1856751
2020-08-28,1856751
2020-08-31,1856751
2020-09-01,1834012
2020-09-02,1834012
2020-09-03,1856443
2020-09-04,1856443
2020-09-07,1856443
2020-09-08,1848241
2020-09-09,1848241
2020-09-10,1860884
2020-09-11,1860884
2020-09-14,1860884
2020-09-15,1844320
2020-09-16,1844320
2020-09-17,1878579
2020-09-18,1878579
2020-09-21,1878579
2020-09-22,1832023
2020-09-23,1832023
2020-09-24,1855480
2020-09-25,1855480
2020-09-28,1855480
2020-09-29,1842807
2020-09-30,1842807
2020-10-01,1797076
2020-10-02,1797076
2020-10-05,1797076
2020-10-06,1717371
2020-10-07,1717371
2020-10-08,1742648
2020-10-09,1742648
2020-10-13,1719923
2020-10-14,1719923
2020-10-15,1751321
2020-10-16,1751321
2020-10-19,1751321
2020-10-20,1714556
2020-10-21,1714556
2020-10-22,1694589
2020-10-23,1694589
2020-10-26,1694589
2020-10-27,1631613
2020-10-28,1631613
2020-10-29,1608056
2020-10-30,1608056
2020-11-02,1608056
2020-11-03,1622090
2020-11-04,1622090
2020-11-05,1630587
2020-11-09,1630587
2020-11-10,1622117
2020-11-11,1622117
2020-11-12,1632755
2020-11-13,1632755
2020-11-16,1632755
2020-11-17,1621113
2020-11-18,1621113
2020-11-19,1681457
2020-11-20,1681457
2020-11-24,1653196
2020-11-25,1653196
2020-11-26,1671033
2020-11-27,1671033
2020-11-30,1671033
2020-12-01,1663841
2020-12-02,1663841
2020-12-03,1689865
2020-12-04,1689865
2020-12-09,1683373
2020-12-10,1665335
2020-12-11,1665335
2020-12-14,1665335
2020-12-15,1667092
2020-12-16,1667092
2020-12-17,1657367
2020-12-18,1657367
2020-12-21,1615313
2020-12-22,1558761
2020-12-23,1633620
2020-12-28,1570513
2020-12-29,1496127
2020-12-30,1701909
2021-01-04,1701894
2021-01-05,1726967
2021-01-06,1726967
2021-01-07,1712411
2021-01-08,1712411
2021-01-11,1712411
2021-01-12,1710546
2021-01-13,1710546
2021-01-14,1707009
2021-01-15,1707009
2021-01-18,1707009
2021-01-19,1691156
2021-01-20,1691156
2021-01-21,1753849
2021-01-22,1753849
2021-01-25,1753849
2021-01-26,1746006
2021-01-27,1746006
2021-01-28,1739076
2021-01-29,1739076
2021-02-01,1739076
2021-02-02,1755303
2021-02-03,1755303
2021-02-04,1789979
2021-02-05,1789979
2021-02-08,1789979
2021-02-09,1807083
2021-02-10,1807083
2021-02-11,1855289
2021-02-12,1855289
2021-02-17,1808638
2021-02-18,1820721
2021-02-19,1820721
2021-02-22,1820721
2021-02-23,1789292
2021-02-24,1789292
2021-02-25,1812024
2021-02-26,1812024
2021-03-01,1812024
2021-03-02,1836169
2021-03-03,1836169
2021-03-04,1887890
2021-03-05,1887890
2021-03-08,1887890
2021-03-09,1899147
2021-03-10,1899147
2021-03-11,1858237
2021-03-12,1858237
2021-03-15,1858237
2021-03-16,1908310
2021-03-17,1908310
2021-03-18,1912629
2021-03-19,1912629
2021-03-22,1912629
2021-03-23,1936074
2021-03-25,1901543
2021-03-26,1901543
2021-03-29,1901543
2021-03-30,1891864
2021-03-31,1820218
2021-04-05,1820218
2021-04-06,1900712
2021-04-07,1900712
2021-04-08,1925568
2021-04-09,1925568
2021-04-12,1925568
2021-04-13,1953946
2021-04-14,1953946
2021-04-15,2018983
2021-04-16,2018983
2021-04-19,2018983
2021-04-20,2025457
2021-04-21,2025457
2021-04-22,2005289
2021-04-23,2005289
2021-04-26,2005289
2021-04-27,1987396
2021-04-28,1987396
2021-04-29,2095704
2021-04-30,2095704
2021-05-03,2095704
2021-05-04,2078964
2021-05-05,2078964
2021-05-06,2090181
2021-05-07,2090181
2021-05-10,2090181
2021-05-11,2078803
2021-05-12,2078803
2021-05-13,2040777
2021-05-14,2040777
2021-05-17,2040777
2021-05-18,2034844
2021-05-19,2034844
2021-05-20,2042875
2021-05-21,2042875
2021-05-26,2022058
2021-05-27,1983104
2021-05-28,1983104
2021-05-31,1983104
2021-06-01,1919251
2021-06-02,1919251
2021-06-03,2050067
2021-06-04,2050067
2021-06-07,2050067
2021-06-08,2010081
2021-06-09,2010081
2021-06-10,2070131
2021-06-11,2070131
2021-06-14,2070131
2021-06-15,2055131
2021-06-16,2055131
2021-06-17,2063022
2021-06-18,2063022
2021-06-22,2024307
2021-06-23,2024307
2021-06-24,2015293
2021-06-25,2015293
2021-06-28,2015293
2021-06-29,2019256
2021-06-30,2019256
2021-07-01,1948790
2021-07-02,1948790
2021-07-05,1948790
2021-07-06,2029739
2021-07-07,2029739
2021-07-08,2034996
2021-07-12,2034996
2021-07-13,2032588
2021-07-14,2032588
2021-07-15,2033929
2021-07-16,2033929
2021-07-19,2033929
2021-07-20,2023461
2021-07-21,2023461
2021-07-22,2008449
2021-07-23,2008449
2021-07-26,2008449
2021-07-27,2036661
2021-07-28,2036661
2021-07-29,2015279
2021-07-30,2015279
2021-08-02,2015279
2021-08-03,1994330
2021-08-04,1994330
2021-08-05,2047896
2021-08-06,2047896
2021-08-09,2047896
2021-08-10,2087223
2021-08-11,2087223
2021-08-12,2120450
2021-08-13,2120450
2021-08-17,2100450
2021-08-18,2100450
2021-08-19,2094188
2021-08-20,2094188
2021-08-23,2094188
2021-08-24,2114947
2021-08-25,2114947
2021-08-26,2082767
2021-08-27,2082767
2021-08-30,2082767
2021-08-31,2102931
2021-09-01,2102931
2021-09-02,2084863
2021-09-03,2084863
2021-09-06,2084863
2021-09-07,2113632
2021-09-08,2113632
2021-09-09,2089394
2021-09-10,2089394
2021-09-13,2089394
2021-09-14,2179129
2021-09-15,2179222
2021-09-16,2153713
2021-09-17,2153713
2021-09-20,2153713
2021-09-21,2199014
2021-09-22,2199014
2021-09-23,2171253
2021-09-24,2171253
2021-09-27,2171253
2021-09-28,2141089
2021-09-29,2141089
2021-09-30,2022725
2021-10-01,2022725
2021-10-04,2022725
2021-10-05,1987036
2021-10-06,1987036
2021-10-07,2134871
2021-10-12,2214765
2021-10-13,2214765
2021-10-14,2184765
2021-10-15,2184765
2021-10-18,2184765
2021-10-19,2218374
2021-10-20,2218374
2021-10-21,2237319
2021-10-22,2237319
2021-10-25,2237319
2021-10-26,2207319
2021-10-27,2207319
2021-10-28,2158706
2021-10-29,2158706
2021-11-01,2158706
2021-11-02,2204178
2021-11-03,2204178
2021-11-04,2159393
2021-11-05,2159393
2021-11-08,2159393
2021-11-09,2058172
2021-11-10,2058172
2021-11-11,2075154
2021-11-12,2075154
2021-11-15,2075154
2021-11-16,2111854
2021-11-17,2111854
2021-11-18,2080671
2021-11-19,2080671
2021-11-23,2140172
2021-11-24,2140172
2021-11-25,2104988
2021-11-26,2104988
2021-11-29,2104988
2021-11-30,2262507
2021-12-01,2262507
2021-12-02,2277572
2021-12-03,2277572
2021-12-06,2277572
2021-12-07,2261332
2021-12-09,2260997
2021-12-10,2260997
2021-12-13,2260997
2021-12-14,2110665
2021-12-15,2110665
2021-12-16,2088393
2021-12-17,2088393
2021-12-20,2088393
2021-12-21,2048610
2021-12-22,2048610
2021-12-23,2100612
2021-12-27,2100612
2021-12-28,1965455
2021-12-29,1965455
2021-12-30,1834157
2022-01-03,1834157
2022-01-04,2042831
2022-01-05,2042831
2022-01-06,1955042
2022-01-07,1955042
2022-01-10,1955042
2022-01-11,2678938
2022-01-12,2678938
2022-01-13,2951032
2022-01-14,2951032
2022-01-17,2951032
2022-01-18,3290120
2022-01-19,3290120
2022-01-20,3481604
2022-01-21,3481604
2022-01-24,3481604
2022-01-25,3558131
2022-01-26,3558131
2022-01-27,3631934
2022-01-28,3631934
2022-01-31,3631934
2022-02-01,3575103
2022-02-02,3575103
2022-02-03,3783317
2022-02-04,3783317
2022-02-07,3783317
2022-02-08,3553731
2022-02-09,3553731
2022-02-10,3536206
2022-02-11,3536206
2022-02-14,3536206
2022-02-15,3547222
2022-02-16,3547222
2022-02-17,3597974
2022-02-18,3597974
2022-02-21,3597974
2022-02-22,4008024
2022-02-23,4008024
2022-02-24,4097486
2022-02-25,4097486
2022-03-02,4087173
2022-03-03,4159465
2022-03-04,4159465
2022-03-07,4159465
2022-03-08,4132526
2022-03-09,4132526
2022-03-10,4248564
2022-03-11,4248564
2022-03-14,4248564
2022-03-15,4245709
2022-03-16,4245709
2022-03-17,4098790
2022-03-18,4098790
2022-03-21,4098790
2022-03-22,3918953
2022-03-23,4140337
2022-03-25,4140337
2022-03-28,4140337
2022-03-29,4161928
2022-03-30,4161928
2022-03-31,4188066
2022-04-01,4188066
2022-04-04,4188066
2022-04-05,4390579
2022-04-06,4390579
2022-04-07,4379399
2022-04-08,4379399
2022-04-11,4379399
2022-04-12,4423630
2022-04-13,4583751
2022-04-18,4583751
2022-04-19,4732760
2022-04-20,4732760
2022-04-21,4611242
2022-04-22,4611242
2022-04-25,4611242
2022-04-26,4720662
2022-04-27,4720662
2022-04-28,4744409
2022-04-29,4744409
2022-05-02,4744409
2022-05-03,4813294
2022-05-04,4813294
2022-05-05,4925451
2022-05-06,4925451
2022-05-09,4925451
2022-05-10,5025648
2022-05-11,5025648
2022-05-12,5065397
2022-05-13,5065397
2022-05-16,5065397
2022-05-17,5060664
2022-05-19,5011208
2022-05-20,5011208
2022-05-23,5011208
2022-05-24,5059551
2022-05-26,5035208
2022-05-27,5035208
2022-05-30,5035208
2022-05-31,4945039
2022-06-01,4945039
2022-06-02,5094368
2022-06-03,5094368
2022-06-06,5094368
2022-06-07,5271012
2022-06-08,5271012
2022-06-09,5324656
2022-06-10,5324656
2022-06-13,5324656
2022-06-14,5451531
2022-06-15,5451531
2022-06-16,5316678
2022-06-21,5545655
2022-06-22,5545655
2022-06-23,5641077
2022-06-24,5641077
2022-06-27,5641077
2022-06-28,5637893
2022-06-29,5637893
2022-06-30,5549252
2022-07-01,5549252
2022-07-04,5549252
2022-07-05,5361190
2022-07-06,5361190
2022-07-07,5860357
2022-07-08,5860357
2022-07-11,5860357
2022-07-12,6203568
2022-07-13,6160278
2022-07-14,6172043
2022-07-15,6172043
2022-07-18,6172043
2022-07-19,5981854
2022-07-20,5982092
2022-07-21,5864374
2022-07-22,5864374
2022-07-25,5864374
2022-07-26,5820837
2022-07-27,5810294
2022-07-28,5829330
2022-07-29,5829330
2022-08-01,5829330
2022-08-02,6022478
2022-08-03,6017534
2022-08-04,6013803
2022-08-05,6013803
2022-08-08,6013803
2022-08-09,5891454
2022-08-10,5909354
2022-08-11,6095970
2022-08-12,6095970
2022-08-16,6042227
2022-08-17,6064702
2022-08-18,6066028
2022-08-19,6066028
2022-08-22,6066028
2022-08-23,6109176
2022-08-24,5972906
2022-08-25,6070311
2022-08-26,6070311
2022-08-29,6070311
2022-08-30,6066721
2022-08-31,6073622
2022-09-01,5929317
2022-09-05,5929317
2022-09-06,5767313
2022-09-07,5747338
2022-09-08,6141232
2022-09-09,6141232
2022-09-12,6141232
2022-09-13,6392562
2022-09-14,6454387
2022-09-15,6482612
2022-09-16,6482612
2022-09-19,6482612
2022-09-20,6805504
2022-09-21,6840559
2022-09-22,6948226
2022-09-23,6948226
2022-09-26,6948226
2022-09-27,7020437
2022-09-28,7047007
2022-09-29,7036739
2022-09-30,7036739
2022-10-03,7036739
2022-10-04,7195431
2022-10-05,7140686
2022-10-06,7237003
2022-10-11,7240520
2022-10-12,7245950
2022-10-13,7395628
2022-10-14,7395628
2022-10-17,7395628
2022-10-18,7369635
2022-10-19,7360215
2022-10-20,7236948
2022-10-21,7236948
2022-10-24,7236948
2022-10-25,7258503
2022-10-26,7271463
2022-10-27,7089418
2022-10-28,7089418
2022-10-31,7089418
2022-11-01,7221823
2022-11-02,7181693
2022-11-03,7217909
2022-11-04,7217909
2022-11-07,7217909
2022-11-08,7349651
2022-11-09,7339001
2022-11-10,7572554
2022-11-11,7572554
2022-11-14,7572554
2022-11-15,7541083
2022-11-16,7534138
2022-11-17,7538055
2022-11-18,7538055
2022-11-22,7548628
2022-11-23,7543928
2022-11-24,7631759
2022-11-25,7631759
2022-11-28,7631759
2022-11-29,7594883
2022-11-30,7583713
2022-12-01,7754161
2022-12-02,7754161
2022-12-05,7754161
2022-12-06,7754388
2022-12-07,7917833
2022-12-12,7917833
2022-12-13,7974607
2022-12-14,7981991
2022-12-15,7894131
2022-12-16,7894131
2022-12-19,7894131
2022-12-20,8031758
2022-12-21,8032905
2022-12-22,8098413
2022-12-23,8098413
2022-12-26,8098413
2022-12-27,8103013
2022-12-28,8089801
2022-12-29,8002932
2022-12-30,8002932
2023-01-02,8002932
2023-01-03,8246886
2023-01-04,8209097
2023-01-05,8217367
2023-01-06,8217367
2023-01-09,8217367
2023-01-10,8427412
2023-01-11,8320762
2023-01-12,8565185
2023-01-13,8565185
2023-01-16,8565185
2023-01-17,8414372
2023-01-18,8372840
2023-01-19,8270390
2023-01-20,8270390
2023-01-23,8270390
2023-01-24,8041650
2023-01-25,7977950
2023-01-26,7863247
2023-01-27,7863247
2023-01-30,7863247
2023-01-31,8023525
2023-02-01,8021950
2023-02-02,8294973
2023-02-03,8294973
2023-02-06,8294973
2023-02-07,8411703
2023-02-08,8422955
2023-02-09,8586377
2023-02-10,8586377
2023-02-13,8586377
2023-02-14,8707269
2023-02-15,8687969
2023-02-16,8745615
2023-02-17,8745615
2023-02-22,8842679
2023-02-23,8723255
2023-02-24,8723255
2023-02-27,8723255
2023-02-28,8662699
2023-03-01,8674249
2023-03-02,8755237
2023-03-03,8755237
2023-03-06,8755237
2023-03-07,8668355
2023-03-08,8657005
2023-03-09,8572192
2023-03-10,8572192
2023-03-13,8572192
2023-03-14,8916635
2023-03-15,8833430
2023-03-16,8719728
2023-03-17,8719728
2023-03-20,8719728
2023-03-21,9284791
2023-03-22,9219026
2023-03-23,9427524
2023-03-27,9427524
2023-03-28,9364866
2023-03-29,9275446
2023-03-30,9282190
2023-03-31,9282190
2023-04-03,9282190
2023-04-04,9400828
2023-04-05,9436988
2023-04-10,9436988
2023-04-11,9542377
2023-04-12,9517252
2023-04-13,9817911
2023-04-14,9817911
2023-04-17,9817911
2023-04-18,9571489
2023-04-19,9558604
2023-04-20,9599574
2023-04-21,9599574
2023-04-24,9599574
2023-04-25,9812755
2023-04-26,9777080
2023-04-27,9769534
2023-04-28,9769534
2023-05-02,10113334
2023-05-03,10090109
2023-05-04,10218565
2023-05-05,10218565
2023-05-08,10218565
2023-05-09,10452547
2023-05-10,10432972
2023-05-11,10967430
2023-05-12,10967430
2023-05-15,10967430
2023-05-16,11139665
2023-05-17,11122790
2023-05-18,11104830
2023-05-19,11104830
2023-05-22,11104830
2023-05-23,11067127
2023-05-24,10881137
2023-05-29,10881137
2023-05-30,10673002
2023-05-31,10662397
2023-06-01,11258695
2023-06-02,11258695
2023-06-05,11258695
2023-06-06,11417221
2023-06-07,11407771
2023-06-08,11325339
2023-06-09,11325339
2023-06-12,11325339
2023-06-13,11411070
2023-06-14,11370861
2023-06-15,11665685
2023-06-16,11665685
2023-06-21,11712176
2023-06-22,11977764
2023-06-23,11977764
2023-06-26,11977764
2023-06-27,12205252
2023-06-28,12189014
2023-06-29,12081625
2023-06-30,12081625
2023-07-03,12081625
2023-07-04,12393998
2023-07-05,12386783
2023-07-06,11973437
2023-07-07,11969132
2023-07-10,11969132
2023-07-11,12618571
2023-07-12,12595846
2023-07-13,12780621
2023-07-14,12780621
2023-07-17,12780621
2023-07-18,12842916
2023-07-19,12788473
2023-07-20,12809874
2023-07-21,12809874
2023-07-24,12809874
2023-07-25,12823173
2023-07-26,12812173
2023-07-27,12598453
2023-07-28,12598453
2023-07-31,12598453
2023-08-01,12697985
2023-08-02,12695785
2023-08-03,13142000
2023-08-04,13142000
2023-08-07,13142000
2023-08-08,13036344
2023-08-09,13007717
2023-08-10,13013587
2023-08-11,13013587
2023-08-14,13013587
2023-08-15,13438164
2023-08-16,13434164
2023-08-17,13581068
2023-08-18,13581068
2023-08-22,13720497
2023-08-23,13682644
2023-08-24,13916668
2023-08-25,13916668
2023-08-28,13916668
2023-08-29,14022123
2023-08-30,13970198
2023-08-31,14263566
2023-09-01,14263566
2023-09-04,14263566
2023-09-05,14446691
2023-09-06,14430116
2023-09-07,14716507
2023-09-08,14716507
2023-09-11,14716507
2023-09-12,14480101
2023-09-13,14477806
2023-09-14,14583158
2023-09-15,14583158
2023-09-18,14583158
2023-09-19,14909575
2023-09-20,14908040
2023-09-21,15404234
2023-09-22,15404234
2023-09-25,15404234
2023-09-26,15403776
2023-09-27,15402241
2023-09-28,15084443
2023-09-29,15084443
2023-10-02,15084443
2023-10-03,14853993
2023-10-04,14853968
2023-10-05,14992619
2023-10-06,14992619
2023-10-09,14992619
2023-10-10,14793986
2023-10-11,14793461
2023-10-12,14054960
2023-10-17,13927896
2023-10-18,13926631
2023-10-19,12946221
2023-10-20,12946221
2023-10-23,12946221
2023-10-24,13337995
2023-10-25,13336470
2023-10-26,13740030
2023-10-27,13740030
2023-10-30,13740030
2023-10-31,13516642
2023-11-01,13516617
2023-11-02,13587059
2023-11-03,13587059
2023-11-07,13830515
2023-11-08,13830490
2023-11-09,14021837
2023-11-10,14021837
2023-11-13,14021837
2023-11-14,14205770
2023-11-15,14205505
2023-11-16,13975368
2023-11-17,13975368
2023-11-21,12344520
2023-11-22,12344245
2023-11-23,10715884
2023-11-24,10715884
2023-11-27,10715884
2023-11-28,9524958
2023-11-29,9524633
2023-11-30,7529063
2023-12-01,7529063
2023-12-04,7529063
2023-12-05,5985589
2023-12-06,5985339
2023-12-07,4851505
2023-12-11,4851505
2023-12-12,3318466
2023-12-13,3316841
2023-12-14,3316841
2023-12-15,3316841
2023-12-18,3316841
2023-12-19,2243111
2023-12-20,2238836
2023-12-21,2048026
2023-12-22,2048026
2023-12-26,1695864
2023-12-27,1693339
2023-12-28,1636551
2023-12-29,1636551
2024-01-02,1607903
2024-01-03,1604878
2024-01-04,1587928
2024-01-05,1587928
2024-01-08,1587928
2024-01-09,1045763
2024-01-10,1043238
2024-01-11,12820
2024-01-12,12820
2024-01-15,12820
2024-01-16,12820
2024-01-17,10075
2024-01-18,10075
2024-01-19,10075
2024-01-22,10075
2024-01-23,10075
2024-01-24,5525
2024-01-25,5525
2024-01-26,5525
2024-01-29,5525
2024-01-30,5525
2024-01-31,5150
2024-02-01,5150
2024-02-02,5150
2024-02-05,5150
2024-02-06,5150
2024-02-07,4375
2024-02-08,4375
2024-02-09,4375
2024-02-14,3100
2024-02-15,3100
2024-02-16,3100
2024-02-19,3100
2024-02-20,3100
2024-02-21,3050
2024-02-22,3050
2024-02-23,3050
2024-02-26,3050
2024-02-27,3050
2024-02-28,3000
2024-02-29,3000
2024-03-01,3000
2024-03-04,3000
2024-03-05,3000
2024-03-06,3000
2024-03-07,3000
2024-03-08,3000
2024-03-11,3000
2024-03-12,3000
